frame,x,y
000001,511,1295
000002,512,1293
000003,511,1290
000004,511,1287
000005,512,1287
000006,512,1289
000007,512,1291
000008,511,1292
000009,509,1293
000010,508,1294
000011,506,1299
000012,505,1305
000013,504,1306
000014,510,1288
000015,533,1226
000016,558,1131
000017,574,1011
000018,584,893
000019,584,796
000020,576,716
000021,570,681
000022,574,697
000023,582,758
000024,585,852
000025,576,978
000026,561,1097
000027,544,1186
000028,526,1245
000029,517,1270
000030,523,1247
000031,543,1188
000032,563,1095
000033,577,977
000034,585,870
000035,583,776
000036,576,714
000037,574,693
000038,577,725
000039,583,796
000040,582,897
000041,573,1013
000042,557,1123
000043,539,1199
000044,525,1250
000045,524,1260
000046,535,1228
000047,554,1161
000048,572,1059
000049,585,943
000050,589,850
000051,585,771
000052,579,731
000053,578,729
000054,584,766
000055,588,843
000056,585,945
000057,572,1060
000058,556,1155
000059,539,1214
000060,529,1241
000061,531,1236
000062,545,1197
000063,563,1122
000064,577,1018
000065,587,909
000066,588,829
000067,584,766
000068,581,747
000069,582,756
000070,586,804
000071,587,886
000072,581,990
000073,568,1095
000074,551,1174
000075,538,1216
000076,533,1228
000077,540,1210
000078,555,1161
000079,571,1077
000080,583,974
000081,588,880
000082,587,813
000083,583,769
000084,583,762
000085,585,785
000086,587,845
000087,584,933
000088,576,1032
000089,563,1120
000090,548,1180
000091,540,1209
000092,540,1207
000093,549,1176
000094,564,1115
000095,577,1028
000096,586,933
000097,588,856
000098,587,802
000099,586,770
000100,586,783
000101,588,825
000102,588,906
000103,580,999
000104,573,1038
000105,561,1108
000106,548,1156
000107,542,1201
000108,546,1185
000109,562,1106
000110,576,1039
000111,580,1005
000112,586,920
000113,586,855
000114,585,819
000115,583,794
000116,584,829
000117,589,880
000118,585,957
000119,580,992
000120,569,1070
000121,557,1123
000122,546,1184
000123,547,1182
000124,556,1122
000125,568,1075
000126,578,1019
000127,587,941
000128,589,875
000129,588,828
000130,587,804
000131,587,813
000132,588,850
000133,587,910
000134,582,984
000135,574,1059
000136,563,1120
000137,553,1159
000138,552,1165
000139,556,1152
000140,564,1113
000141,574,1053
000142,583,980
000143,588,910
000144,588,856
000145,588,826
000146,588,821
000147,588,846
000148,588,892
000149,584,957
000150,578,1028
000151,568,1091
000152,558,1136
000153,554,1157
000154,555,1153
000155,562,1124
000156,570,1077
000157,579,1011
000158,586,942
000159,588,884
000160,588,853
000161,588,835
000162,588,846
000163,588,880
000164,586,934
000165,581,997
000166,574,1060
000167,564,1108
000168,558,1139
000169,558,1142
000170,562,1125
000171,569,1084
000172,577,1028
000173,584,967
000174,588,908
000175,589,864
000176,589,842
000177,589,845
000178,589,871
000179,587,915
000180,583,975
000181,577,1035
000182,568,1088
000183,561,1124
000184,559,1136
000185,561,1127
000186,567,1096
000187,574,1049
000188,582,989
000189,587,932
000190,589,882
000191,588,854
000192,589,849
000193,589,866
000194,588,909
000195,584,961
000196,579,1022
000197,571,1082
000198,564,1123
000199,559,1144
000200,560,1140
000201,565,1117
000202,572,1075
000203,579,1019
000204,586,961
000205,588,911
000206,588,878
000207,588,867
000208,589,876
000209,588,905
000210,585,948
000211,581,1003
000212,575,1061
000213,567,1106
000214,561,1133
000215,561,1137
000216,565,1121
000217,570,1086
000218,577,1034
000219,584,978
000220,587,929
000221,588,892
000222,588,873
000223,589,876
000224,588,895
000225,586,932
000226,582,983
000227,577,1038
000228,570,1080
000229,564,1109
000230,563,1117
000231,565,1110
000232,570,1083
000233,576,1041
000234,582,988
000235,587,938
000236,588,896
000237,589,871
000238,589,867
000239,589,884
000240,587,919
000241,584,966
000242,579,1017
000243,573,1064
000244,566,1098
000245,564,1113
000246,565,1110
000247,568,1089
000248,574,1053
000249,581,1005
000250,586,955
000251,588,910
000252,589,880
000253,589,874
000254,589,881
000255,587,911
000256,585,954
000257,581,1003
000258,575,1051
000259,568,1087
000260,565,1106
000261,566,1108
000262,568,1092
000263,572,1062
000264,579,1017
000265,584,969
000266,587,923
000267,588,890
000268,589,875
000269,589,880
000270,588,903
000271,586,942
000272,583,989
000273,577,1036
000274,571,1075
000275,567,1099
000276,566,1105
000277,568,1096
000278,572,1069
000279,577,1029
000280,583,981
000281,587,936
000282,588,900
000283,589,881
000284,589,880
000285,588,899
000286,586,933
000287,584,977
000288,578,1023
000289,572,1064
000290,568,1093
000291,566,1103
000292,567,1098
000293,571,1076
000294,576,1039
000295,582,994
000296,586,948
000297,587,910
000298,589,887
000299,589,880
000300,588,894
000301,587,924
000302,584,966
000303,580,1011
000304,574,1053
000305,569,1085
000306,567,1099
000307,567,1098
000308,570,1081
000309,575,1048
000310,581,1005
000311,585,960
000312,587,921
000313,589,893
000314,589,884
000315,589,892
000316,587,917
000317,585,956
000318,581,999
000319,575,1042
000320,570,1077
000321,568,1096
000322,567,1099
000323,569,1085
000324,573,1057
000325,579,1017
000326,584,972
000327,586,931
000328,588,904
000329,589,889
000330,588,893
000331,587,914
000332,586,946
000333,582,989
000334,577,1032
000335,571,1070
000336,568,1090
000337,567,1097
000338,568,1089
000339,572,1064
000340,578,1026
000341,583,984
000342,586,942
000343,587,911
000344,588,893
000345,588,892
000346,588,907
000347,586,939
000348,583,978
000349,578,1021
000350,573,1059
000351,569,1084
000352,568,1096
000353,568,1091
000354,571,1071
000355,577,1036
000356,581,994
000357,585,952
000358,587,920
000359,588,899
000360,588,894
000361,588,907
000362,586,934
000363,584,972
000364,580,1011
000365,574,1052
000366,570,1081
000367,568,1094
000368,568,1092
000369,571,1075
000370,576,1043
000371,581,1002
000372,584,962
000373,586,927
000374,588,903
000375,589,892
000376,588,902
000377,587,925
000378,585,961
000379,581,1001
000380,576,1040
000381,572,1070
000382,569,1087
000383,569,1090
000384,571,1076
000385,575,1047
000386,580,1010
000387,584,970
000388,586,934
000389,588,906
000390,588,896
000391,588,899
000392,588,920
000393,585,953
000394,582,992
000395,577,1032
000396,573,1063
000397,570,1083
000398,570,1088
000399,570,1078
000400,574,1052
000401,579,1018
000402,583,980
000403,586,942
000404,588,913
000405,589,898
000406,588,899
000407,587,917
000408,586,947
000409,583,984
000410,579,1022
000411,575,1056
000412,571,1079
000413,570,1087
000414,571,1080
000415,574,1058
000416,578,1025
000417,583,987
000418,586,950
000419,587,920
000420,587,901
000421,587,899
000422,588,911
000423,587,940
000424,583,976
000425,579,1015
000426,574,1049
000427,571,1073
000428,571,1083
000429,572,1080
000430,574,1064
000431,576,1033
000432,581,995
000433,585,956
000434,588,925
000435,589,905
000436,588,901
000437,587,911
000438,586,935
000439,585,969
000440,582,1006
000441,576,1041
000442,571,1068
000443,569,1082
000444,570,1081
000445,573,1065
000446,577,1038
000447,581,1002
000448,584,966
000449,586,934
000450,589,911
000451,590,901
000452,588,908
000453,587,930
000454,584,963
000455,582,1000
000456,578,1035
000457,574,1062
000458,571,1078
000459,570,1079
000460,572,1068
000461,576,1044
000462,581,1011
000463,584,974
000464,586,939
000465,588,915
000466,589,905
000467,589,908
000468,588,927
000469,585,957
000470,581,991
000471,578,1028
000472,574,1057
000473,572,1075
000474,571,1081
000475,571,1072
000476,574,1049
000477,579,1019
000478,583,983
000479,586,947
000480,587,922
000481,588,910
000482,588,911
000483,587,925
000484,586,953
000485,582,987
000486,579,1021
000487,574,1052
000488,572,1072
000489,571,1078
000490,572,1072
000491,575,1053
000492,578,1023
000493,582,987
000494,586,953
000495,588,925
000496,588,909
000497,588,908
000498,587,921
000499,587,946
000500,584,979
000501,580,1014
000502,576,1045
000503,573,1067
000504,571,1076
000505,572,1072
000506,575,1055
000507,579,1027
000508,582,993
000509,585,959
000510,588,931
000511,589,914
000512,589,909
000513,588,918
000514,587,941
000515,584,973
000516,581,1008
000517,577,1040
000518,573,1062
000519,571,1074
000520,572,1072
000521,574,1058
000522,578,1033
000523,582,1000
000524,585,966
000525,587,936
000526,588,916
000527,589,910
000528,588,918
000529,587,938
000530,584,969
000531,581,1002
000532,577,1034
000533,574,1058
000534,572,1072
000535,572,1073
000536,574,1060
000537,577,1036
000538,581,1005
000539,584,972
000540,586,942
000541,587,921
000542,589,911
000543,589,916
000544,587,935
000545,585,963
000546,582,996
000547,578,1028
000548,575,1054
000549,572,1069
000550,572,1072
000551,574,1062
000552,577,1040
000553,580,1011
000554,584,978
000555,586,947
000556,588,924
000557,588,914
000558,588,917
000559,587,933
000560,585,964
000561,582,996
000562,578,1028
000563,574,1056
000564,572,1073
000565,571,1077
000566,572,1070
000567,575,1052
000568,578,1022
000569,582,995
000570,585,965
000571,586,942
000572,587,930
000573,587,930
000574,587,943
000575,584,962
000576,582,993
000577,578,1024
000578,575,1059
000579,572,1078
000580,571,1084
000581,572,1078
000582,575,1055
000583,578,1027
000584,582,994
000585,585,961
000586,587,932
000587,589,917
000588,589,916
000589,588,927
000590,587,950
000591,584,979
000592,581,1011
000593,577,1039
000594,574,1058
000595,574,1064
000596,574,1061
000597,576,1046
000598,579,1022
000599,583,992
000600,586,961
000601,587,937
000602,588,921
000603,589,916
000604,588,926
000605,587,946
000606,585,974
000607,582,1005
000608,578,1033
000609,575,1052
000610,574,1062
000611,574,1061
000612,576,1050
000613,579,1026
000614,582,996
000615,585,966
000616,587,942
000617,588,923
000618,589,917
000619,588,925
000620,587,943
000621,585,970
000622,582,1000
000623,578,1029
000624,576,1052
000625,574,1061
000626,574,1061
000627,576,1051
000628,578,1029
000629,582,1000
000630,585,971
000631,587,944
000632,588,927
000633,588,919
000634,588,925
000635,587,942
000636,584,972
000637,581,1009
000638,577,1034
000639,575,1062
000640,573,1069
000641,573,1068
000642,574,1057
000643,577,1035
000644,581,1007
000645,584,977
000646,586,950
000647,588,930
000648,588,921
000649,588,924
000650,587,939
000651,585,964
000652,583,993
000653,580,1022
000654,576,1046
000655,574,1059
000656,574,1061
000657,575,1054
000658,578,1036
000659,581,1011
000660,583,982
000661,585,959
000662,587,939
000663,588,934
000664,587,937
000665,586,951
000666,584,974
000667,582,1002
000668,578,1026
000669,576,1047
000670,575,1056
000671,574,1061
000672,575,1055
000673,577,1038
000674,581,1012
000675,584,983
000676,586,957
000677,587,938
000678,589,924
000679,589,924
000680,588,936
000681,586,956
000682,583,984
000683,580,1013
000684,577,1037
000685,576,1052
000686,575,1057
000687,576,1051
000688,577,1038
000689,580,1015
000690,583,987
000691,586,961
000692,588,938
000693,588,926
000694,588,925
000695,588,935
000696,586,955
000697,584,981
000698,581,1010
000699,578,1035
000700,574,1056
000701,573,1065
000702,574,1064
000703,576,1052
000704,578,1029
000705,581,1005
000706,584,978
000707,586,956
000708,587,942
000709,587,940
000710,586,948
000711,585,966
000712,583,991
000713,581,1018
000714,577,1045
000715,574,1064
000716,573,1072
000717,573,1070
000718,575,1057
000719,579,1035
000720,581,1008
000721,584,976
000722,586,951
000723,588,931
000724,588,926
000725,588,933
000726,586,950
000727,585,974
000728,582,1002
000729,579,1027
000730,577,1044
000731,576,1053
000732,576,1053
000733,577,1044
000734,579,1023
000735,582,998
000736,585,973
000737,587,949
000738,589,933
000739,589,927
000740,588,933
000741,587,949
000742,585,971
000743,583,996
000744,580,1023
000745,577,1043
000746,576,1052
000747,576,1053
000748,578,1042
000749,580,1026
000750,582,1001
000751,585,974
000752,587,952
000753,588,936
000754,589,927
000755,588,932
000756,587,947
000757,585,969
000758,583,995
000759,580,1020
000760,578,1039
000761,576,1050
000762,576,1052
000763,577,1043
000764,579,1027
000765,582,1003
000766,585,978
000767,586,954
000768,587,937
000769,588,929
000770,588,932
000771,587,947
000772,584,974
000773,582,1001
000774,579,1028
000775,576,1053
000776,574,1067
000777,574,1069
000778,574,1059
000779,577,1044
000780,580,1020
000781,583,990
000782,585,967
000783,586,953
000784,587,945
000785,587,946
000786,586,957
000787,584,975
000788,582,997
000789,579,1028
000790,576,1049
000791,575,1056
000792,574,1058
000793,575,1054
000794,577,1040
000795,579,1019
000796,583,997
000797,584,970
000798,586,956
000799,586,946
000800,587,946
000801,586,952
000802,585,970
000803,583,999
000804,580,1013
000805,578,1033
000806,576,1047
000807,576,1052
000808,577,1046
000809,578,1032
000810,581,1011
000811,584,986
000812,586,963
000813,588,945
000814,588,933
000815,588,933
000816,587,945
000817,586,962
000818,584,984
000819,582,1009
000820,579,1030
000821,577,1043
000822,577,1048
000823,577,1044
000824,579,1033
000825,581,1012
000826,584,988
000827,586,965
000828,587,948
000829,588,936
000830,588,933
000831,587,942
000832,586,960
000833,583,986
000834,580,1013
000835,577,1036
000836,575,1053
000837,574,1066
000838,574,1056
000839,577,1050
000840,579,1024
000841,582,1005
000842,584,981
000843,585,956
000844,586,943
000845,587,939
000846,586,947
000847,585,963
000848,583,985
000849,581,1006
000850,579,1027
000851,577,1043
000852,576,1048
000853,576,1047
000854,578,1036
000855,580,1018
000856,582,996
000857,584,972
000858,586,953
000859,587,941
000860,587,936
000861,586,946
000862,585,963
000863,583,984
000864,581,1008
000865,578,1030
000866,576,1046
000867,575,1055
000868,575,1055
000869,576,1046
000870,579,1028
000871,581,1006
000872,583,980
000873,585,959
000874,587,943
000875,587,936
000876,587,942
000877,586,956
000878,585,977
000879,582,999
000880,580,1021
000881,579,1035
000882,577,1044
000883,578,1044
000884,579,1033
000885,581,1018
000886,583,998
000887,585,975
000888,586,956
000889,587,942
000890,588,935
000891,588,942
000892,587,955
000893,585,975
000894,583,997
000895,581,1019
000896,578,1036
000897,578,1043
000898,577,1043
000899,578,1036
000900,580,1021
000901,583,1000
